measure,sex,age_days,L,M,S
head_circ,female,0,1.0,341.3042,0.03055761
head_circ,female,7,1.0,344.652,0.02876645
head_circ,female,14,1.0,352.3,0.0325
head_circ,female,21,1.0,358.4,0.0323
head_circ,female,28,1.0,363.8,0.0322
head_circ,female,30,1.0,365.5,0.0321
head_circ,female,35,1.0,368.5,0.032
head_circ,female,42,1.0,372.7,0.0319
head_circ,female,49,1.0,376.6,0.0318
head_circ,female,56,1.0,380.2,0.0317
head_circ,female,61,1.0,382.5,0.0317
head_circ,female,63,1.0,383.5,0.0317
head_circ,female,70,1.0,386.7,0.0316
head_circ,female,77,1.0,389.7,0.0315
head_circ,female,84,1.0,392.5,0.0315
head_circ,female,91,1.0,395.3,0.0314
head_circ,female,122,1.0,405.8,0.0312
head_circ,female,152,1.0,414.6,0.031
head_circ,female,183,1.0,422.0,0.0309
head_circ,female,213,1.0,428.3,0.0308
head_circ,female,244,1.0,433.7,0.0306
head_circ,female,274,1.0,438.3,0.0305
head_circ,female,304,1.0,442.3,0.0304
head_circ,female,335,1.0,445.8,0.0304
head_circ,female,365,1.0,449.0,0.0303
head_circ,female,396,1.0,451.8,0.0302
head_circ,female,426,1.0,454.3,0.0301
head_circ,female,457,1.0,456.6,0.0301
head_circ,female,487,1.0,458.7,0.03
head_circ,female,517,1.0,460.6,0.0299
head_circ,female,548,1.0,462.4,0.0299
head_circ,female,578,1.0,464.2,0.0298
head_circ,female,609,1.0,465.8,0.0298
head_circ,female,639,1.0,467.4,0.0297
head_circ,female,670,1.0,468.9,0.0297
head_circ,female,700,1.0,470.4,0.0296
head_circ,female,730,1.0,471.8,0.0296
head_circ,male,0,1.0,349.1071,0.0332788
head_circ,male,7,1.0,353.8669,0.0314591
head_circ,male,14,1.0,358.6,0.0326
head_circ,male,21,1.0,365.2,0.032
head_circ,male,28,1.0,370.9,0.0315
head_circ,male,30,1.0,372.8,0.0313
head_circ,male,35,1.0,376.0,0.0311
head_circ,male,42,1.0,380.6,0.0307
head_circ,male,49,1.0,384.8,0.0304
head_circ,male,56,1.0,388.7,0.0301
head_circ,male,61,1.0,391.3,0.03
head_circ,male,63,1.0,392.4,0.0299
head_circ,male,70,1.0,395.8,0.0297
head_circ,male,77,1.0,399.0,0.0295
head_circ,male,84,1.0,402.1,0.0293
head_circ,male,91,1.0,405.1,0.0292
head_circ,male,122,1.0,416.3,0.0287
head_circ,male,152,1.0,425.6,0.0284
head_circ,male,183,1.0,433.3,0.0282
head_circ,male,213,1.0,439.8,0.028
head_circ,male,244,1.0,445.3,0.028
head_circ,male,274,1.0,450.0,0.0279
head_circ,male,304,1.0,454.1,0.0279
head_circ,male,335,1.0,457.6,0.0279
head_circ,male,365,1.0,460.7,0.0279
head_circ,male,396,1.0,463.4,0.0279
head_circ,male,426,1.0,465.8,0.0279
head_circ,male,457,1.0,468.1,0.0279
head_circ,male,487,1.0,470.1,0.028
head_circ,male,517,1.0,472.0,0.028
head_circ,male,548,1.0,473.7,0.028
head_circ,male,578,1.0,475.4,0.028
head_circ,male,609,1.0,476.9,0.0281
head_circ,male,639,1.0,478.4,0.0281
head_circ,male,670,1.0,479.8,0.0281
head_circ,male,700,1.0,481.2,0.0282
head_circ,male,730,1.0,482.5,0.0282
length,female,0,1.0,500.1719,0.0369674
length,female,7,1.0,506.2523,0.03608866
length,female,14,1.0,515.12,0.03694
length,female,21,1.0,524.695,0.03669
length,female,28,1.0,533.809,0.03647
length,female,30,1.0,536.872,0.0364
length,female,35,1.0,542.454,0.03627
length,female,42,1.0,550.642,0.03609
length,female,49,1.0,558.406,0.03593
length,female,56,1.0,565.767,0.03578
length,female,61,1.0,570.673,0.03568
length,female,63,1.0,572.761,0.03564
length,female,70,1.0,579.436,0.03552
length,female,77,1.0,585.816,0.0354
length,female,84,1.0,591.922,0.0353
length,female,91,1.0,598.029,0.0352
length,female,122,1.0,620.899,0.03486
length,female,152,1.0,640.301,0.03463
length,female,183,1.0,657.311,0.03448
length,female,213,1.0,672.873,0.03441
length,female,244,1.0,687.498,0.0344
length,female,274,1.0,701.435,0.03444
length,female,304,1.0,714.818,0.03452
length,female,335,1.0,727.71,0.03464
length,female,365,1.0,740.15,0.03479
length,female,396,1.0,752.176,0.03496
length,female,426,1.0,763.817,0.03514
length,female,457,1.0,775.099,0.03534
length,female,487,1.0,786.055,0.03555
length,female,517,1.0,796.71,0.03576
length,female,548,1.0,807.079,0.03598
length,female,578,1.0,817.182,0.0362
length,female,609,1.0,827.036,0.03643
length,female,639,1.0,836.654,0.03666
length,female,670,1.0,846.04,0.03688
length,female,700,1.0,855.202,0.03711
length,female,730,1.0,864.153,0.03734
length,male,0,1.0,509.4454,0.04197628
length,male,7,1.0,516.4579,0.04100319
length,male,14,1.0,523.461,0.03652
length,male,21,1.0,533.905,0.03609
length,male,28,1.0,543.881,0.0357
length,male,30,1.0,547.244,0.03557
length,male,35,1.0,553.374,0.03534
length,male,42,1.0,562.357,0.03501
length,male,49,1.0,570.851,0.0347
length,male,56,1.0,578.889,0.03442
length,male,61,1.0,584.249,0.03424
length,male,63,1.0,586.536,0.03416
length,male,70,1.0,593.872,0.03392
length,male,77,1.0,600.894,0.03369
length,male,84,1.0,607.605,0.03348
length,male,91,1.0,614.292,0.03328
length,male,122,1.0,638.86,0.03257
length,male,152,1.0,659.026,0.03204
length,male,183,1.0,676.236,0.03165
length,male,213,1.0,691.645,0.03139
length,male,244,1.0,705.994,0.03124
length,male,274,1.0,719.687,0.03117
length,male,304,1.0,732.812,0.03118
length,male,335,1.0,745.388,0.03125
length,male,365,1.0,757.488,0.03137
length,male,396,1.0,769.186,0.03154
length,male,426,1.0,780.497,0.03174
length,male,457,1.0,791.458,0.03197
length,male,487,1.0,802.113,0.03222
length,male,517,1.0,812.487,0.0325
length,male,548,1.0,822.587,0.03279
length,male,578,1.0,832.418,0.0331
length,male,609,1.0,841.996,0.03342
length,male,639,1.0,851.348,0.03376
length,male,670,1.0,860.477,0.0341
length,male,700,1.0,869.41,0.03445
length,male,730,1.0,878.161,0.03479
weight,female,0,0.501,3413.0,0.12481
weight,female,7,0.453,3553.9,0.11855
weight,female,14,0.2304,3569.3,0.14339
weight,female,21,0.2024,3835.2,0.1406
weight,female,28,0.1789,4098.7,0.13805
weight,female,30,0.1714,4187.3,0.13724
weight,female,35,0.1582,4347.6,0.13583
weight,female,42,0.1395,4579.3,0.13392
weight,female,49,0.1224,4795.0,0.13228
weight,female,56,0.1065,4995.9,0.13087
weight,female,61,0.0962,5128.2,0.13
weight,female,63,0.0918,5184.2,0.12966
weight,female,70,0.0779,5361.8,0.12861
weight,female,77,0.0648,5529.5,0.1277
weight,female,84,0.0525,5688.3,0.12691
weight,female,91,0.0402,5845.8,0.12619
weight,female,122,-0.005,6423.7,0.12402
weight,female,152,-0.043,6898.5,0.12274
weight,female,183,-0.0756,7297.0,0.12204
weight,female,213,-0.1039,7642.2,0.12178
weight,female,244,-0.1288,7948.7,0.12181
weight,female,274,-0.1507,8225.4,0.12199
weight,female,304,-0.17,8480.0,0.12223
weight,female,335,-0.1872,8719.2,0.12247
weight,female,365,-0.2024,8948.1,0.12268
weight,female,396,-0.2158,9169.9,0.12283
weight,female,426,-0.2278,9387.0,0.12294
weight,female,457,-0.2384,9600.8,0.12299
weight,female,487,-0.2478,9812.4,0.12303
weight,female,517,-0.2562,10022.6,0.12306
weight,female,548,-0.2637,10231.5,0.12309
weight,female,578,-0.2703,10439.3,0.12315
weight,female,609,-0.2762,10646.4,0.12323
weight,female,639,-0.2815,10853.4,0.12335
weight,female,670,-0.2862,11060.8,0.1235
weight,female,700,-0.2903,11268.8,0.12369
weight,female,730,-0.2941,11477.5,0.1239
weight,male,0,0.782,3555.1,0.12851
weight,male,7,0.76,3717.2,0.12412
weight,male,14,0.2581,3752.9,0.14142
weight,male,21,0.2442,4060.3,0.13807
weight,male,28,0.2331,4367.1,0.13497
weight,male,30,0.2297,4470.9,0.13395
weight,male,35,0.2237,4659.0,0.13215
weight,male,42,0.2155,4930.3,0.1296
weight,male,49,0.2081,5181.7,0.12729
weight,male,56,0.2014,5414.9,0.1252
weight,male,61,0.197,5567.5,0.12385
weight,male,63,0.1952,5631.9,0.1233
weight,male,70,0.1894,5834.6,0.12157
weight,male,77,0.184,6024.2,0.12001
weight,male,84,0.1789,6201.9,0.1186
weight,male,91,0.1738,6376.2,0.11727
weight,male,122,0.1553,7002.3,0.11316
weight,male,152,0.1395,7510.5,0.1108
weight,male,183,0.1257,7934.0,0.10958
weight,male,213,0.1134,8297.0,0.10902
weight,male,244,0.1021,8615.1,0.10882
weight,male,274,0.0917,8901.4,0.10881
weight,male,304,0.082,9164.9,0.10891
weight,male,335,0.073,9412.2,0.10906
weight,male,365,0.0644,9647.9,0.10925
weight,male,396,0.0563,9874.9,0.10949
weight,male,426,0.0487,10095.3,0.10976
weight,male,457,0.0413,10310.8,0.11007
weight,male,487,0.0343,10522.8,0.11041
weight,male,517,0.0275,10731.9,0.11079
weight,male,548,0.0211,10938.5,0.11119
weight,male,578,0.0148,11143.0,0.11164
weight,male,609,0.0087,11346.2,0.11211
weight,male,639,0.0029,11548.6,0.11261
weight,male,670,-0.0028,11750.4,0.11314
weight,male,700,-0.0083,11951.4,0.11369
weight,male,730,-0.0137,12151.5,0.11426
